,url
0,/siobhanfreya/status/1604162448281731072
1,/goldendust17/status/1604158402355400705
2,/coolasleicester/status/1604537574218813440
3,/coolasleicester/status/1604518038497361920
4,/orient1881/status/1604548976321396737
5,/losriley/status/1604777887965450241
6,/allontheboard/status/1604543806371676162
7,/chrishaji10/status/1604549297697169408
8,/Chris191910/status/1604537232458743811
9,/JNotsolikely/status/1604537528727601157
10,/Michelle_Kazi/status/1604536308269039624
11,/555Husker/status/1604538148825858048
12,/DrShahTarfarosh/status/1604541994985918464
13,/marijeangordon/status/1604148170241490947
14,/OkMatar/status/1604537949701414913
15,/trinijayjay/status/1604106857529765889
16,/F1Dweeb/status/1604158562145832961
17,/iAmRadioAnt/status/1604539764786761729
18,/lfrfireofficer/status/1604533884082966529
19,/stephenm68/status/1604537602635595776
20,/jjreade/status/1603780321102950400
21,/1OnkarSingh/status/1604864267332657152
22,/KLAantiques/status/1604043922522742785
23,/Baggy2511/status/1604209512402952192
24,/LeonDuke/status/1604546322438168580
25,/Rhyno_24/status/1604537273843851264
26,/TonyHusband/status/1604531870557175809
27,/aumoh57/status/1604943479070564354
28,/DentonSte/status/1604880004302741505
29,/Stephen_Logan/status/1604131654620020737
30,/Hoylesey59/status/1604549718356500481
31,/Jessaroo1881/status/1604550668391370752
32,/Uzzell01/status/1604541241743523842
33,/bartruspoli/status/1604540819716841480
34,/rogerg44/status/1604554530632437762
35,/JackLeslieCamp/status/1604540813815336960
36,/ChrisImafidon/status/1604542035402293262
37,/harwoodonline/status/1604532457755271173
38,/bethfenton08/status/1604531726503784449
39,/LeeDForster/status/1604514561230790657
40,/one9eighty/status/1604535686895472648
41,/RASKWAME/status/1604537393536802816
42,/RadioKLG/status/1604518824363323392
43,/newall_kyle/status/1604550375230656514
44,/BulmerMps/status/1604546158973841408
45,/HogansCider/status/1603770339518865408
46,/DanOgunshakin/status/1603869393708105728
47,/misheleneous/status/1604536297414045699
48,/WaynneP/status/1604522541850181633
49,/Ahmedelhadi2010/status/1604570735577649157
50,/LondonArtCritic/status/1604537976570118145
51,/Dagaffer_10/status/1603811538434813952
52,/PeterBa82304711/status/1604573132215418880
53,/MuhammaddNawaz/status/1604548028513529857
54,/lynseyhooper/status/1604531656639279110
55,/TheGKN/status/1604812444966064128
56,/GauciGauci/status/1604551475870433280
57,/VioletaYammine/status/1604540177132797953
58,/davidcollinscv4/status/1604536554202214400
59,/bhw147/status/1604536426468515843
60,/TimothyEdenRD/status/1604533702356193280
61,/Hosy_Pickett/status/1604943456857628697
62,/TomTheProducer1/status/1604543822742147073
63,/tomread1994/status/1604539129739485190
64,/KLAantiques/status/1604155834547769344
65,/bhw147/status/1604549478052204550
66,/MuhammaddNawaz/status/1604579342922792962
67,/TimmyLDN/status/1604527188086296577
68,/OBMRacing/status/1604517917080551425
69,/TobyWoody/status/1603751645510340608
70,/BHAZiggy/status/1604810470283653121
71,/ABishop32/status/1604537491813502978
72,/LewisOldham99/status/1604808661846691840
73,/Chipstead_Gas/status/1604082748884504576
74,/ploddercfc/status/1604539675368165380
75,/jugglingmum2011/status/1604546047438557184
76,/grahambrookland/status/1604537878817787907
77,/syedzaighum110/status/1604532186652192773
78,/KLAantiques/status/1604044033776619522
79,/CyclingEurope/status/1604533576376193030
80,/LloydW90/status/1603714015804407809
81,/CllrDaveTrimble/status/1604762439727190016
82,/Carl_Duala/status/1604145075059056643
83,/asinge69/status/1604159111264108544
84,/Bernardi_UK/status/1604551272929329152
85,/robin1302/status/1604533599331663875
86,/KathB2013/status/1604158636766695426
87,/BulmerMps/status/1604541736654721024
88,/josephineinnit/status/1604547101295513600
89,/StarSports_Bet/status/1604117119628615680
90,/GavCalver/status/1604536128370905088
91,/ImamMonawar/status/1604554299106803713
92,/papadimitriou/status/1604155970476773376
93,/GeorgieHeath27/status/1604242696385830917
94,/d_arcy07/status/1604132725665202179
95,/therealeverton/status/1604131655249166339
96,/quentin_gesp/status/1604088538500399104
97,/blackxcellencee/status/1604223953907716099
98,/afcjagman/status/1604746933871968257
99,/KLAantiques/status/1604155790465581059
100,/EmilyHarries19/status/1604491804337897472
101,/SuperSaf/status/1604545741904646146
102,/WaynneP/status/1604533628440018956
103,/patel_javed/status/1604500980212682756
104,/Davey_G85/status/1604533715899535366
105,/OwoSports1/status/1604089181482979329
106,/MagsWanderer/status/1604531841456799748
107,/LauraMcGhie_/status/1604518700194971648
108,/georgiapeplow_/status/1604546233212850187
109,/emmasecole/status/1604518144235556864
110,/RoperCarl/status/1604550599365861377
111,/FChungSport/status/1604153093888901120
112,/StarSports_Bet/status/1604093099151613953
113,/OBMRacing/status/1604531329038696455
114,/ollymagnus/status/1604528221495492610
115,/TimothyEdenRD/status/1603789477524246528
116,/IanHollo/status/1604066834759794689
117,/BenRansomSky/status/1604531426170486784
118,/Richie_Roc/status/1604533347526578179
119,/MrTomClayton/status/1604537886509916160
120,/josephlrice/status/1604536887485628425
121,/annewillia/status/1604533220732723204
122,/RichardBertinet/status/1604531395950411779
123,/3LionsPinBadges/status/1604537384200466432
124,/NicktheHornet/status/1604538260113719298
125,/TheBluestStar/status/1604536860189097988
126,/OmzBk/status/1604585356271255553
127,/mpavela/status/1604153135592873991
128,/zubairg/status/1604545979679739907
129,/shahanshahan/status/1604079412810506241
130,/KathB2013/status/1604156003012206592
131,/virtualash/status/1604536098314752001
132,/Michelle_Kazi/status/1604546279488503808
133,/OBMRacing/status/1604535651776565250
134,/arefadib/status/1604578792269172736
135,/JosephCornforth/status/1604162462219108353
136,/ManLikeDebs/status/1604538592835297280
137,/TracyBrabin/status/1604534147498020864
138,/DippsBhamrah/status/1604533369794187274
139,/albiongirl68/status/1604536051653136390
140,/KLAantiques/status/1604043984917209089
141,/aumoh57/status/1604847591447040000
142,/lgsimmen/status/1604544292495581186
143,/mckeown_ryan/status/1604539959809040384
144,/SilverRay007/status/1604536549747863552
145,/deb_chap/status/1604531949439254528
146,/LUwaysi/status/1604931932877357061
147,/stephenm68/status/1604522834893709318
148,/MarkoZoricNews/status/1604732578967199744
149,/david_samy24/status/1604536961980669955
150,/LloydW90/status/1603714082183462913
151,/siobhanfreya/status/1604151540926844929
152,/grahambrookland/status/1604870576417525760
153,/EmmaGroundGuide/status/1604044687836418049
154,/jamiesmith_80/status/1604155355222654977
155,/aumoh57/status/1604548834620645376
156,/SuperSaf/status/1604548318616494081
157,/flupton/status/1604758625309687808
158,/MuhammaddNawaz/status/1604576183890632704
159,/KingJayZim/status/1604536113036951552
160,/Tweet_Dec/status/1604545435959541762
161,/quentin_gesp/status/1604229223476264961
162,/Tweet_Dec/status/1604539979375468545
163,/FACT290/status/1604216236488925184
164,/AWComms/status/1604536717318529027
165,/FplMode/status/1604533047398998022
166,/HLangstaffJourn/status/1603691290268409856
167,/StuartBryan7/status/1604131449602314240
168,/mahdi/status/1603714394306781191
169,/EscapismoMag/status/1604585914843406337
170,/superpaddiepads/status/1604537567134760968
171,/AlexDaviesJones/status/1604536101732945928
172,/CharlesHughesES/status/1604537814938525699
